Loan_ID,Gender,Married,Dependents,Graduate,Self_Employed,ApplicantIncome,CoapplicantIncome,LoanAmount,Loan_Amount_Term,Credit_History,Property_Area,Loan_Status
2284,Male,Single,0,No,No,3902,1666,109,333,Yes,Rural,Y
2287,Female,Single,0,Yes,No,1500,1800,103,333,No,Semiurban,N
2288,Male,Married,2,No,No,2889,0,45,180,No,Urban,N
2296,Male,Single,0,No,No,2755,0,65,300,Yes,Rural,N
2297,Male,Single,0,Yes,No,2500,20000,103,333,Yes,Semiurban,Y
2300,Female,Single,0,No,No,1963,0,53,333,Yes,Semiurban,Y
2301,Female,Single,0,Yes,Yes,7441,0,194,333,Yes,Rural,N
2305,Female,Single,0,Yes,No,4547,0,115,333,Yes,Semiurban,Y
2308,Male,Married,0,No,No,2167,2400,115,333,Yes,Urban,Y
2314,Female,Single,0,No,No,2213,0,66,333,Yes,Rural,Y
2315,Male,Married,1,Yes,No,8300,0,152,300,No,Semiurban,N
1900,Male,Married,1,Yes,No,2750,1842,115,333,Yes,Semiurban,Y
1903,Male,Married,0,Yes,No,3993,3274,207,333,Yes,Semiurban,Y
1904,Male,Married,0,Yes,No,3103,1300,80,333,Yes,Urban,Y
1907,Male,Married,0,Yes,No,14583,0,436,333,Yes,Semiurban,Y
1908,Female,Married,0,No,No,4100,0,124,333,No,Rural,Y
1910,Male,Single,1,No,Yes,4053,2426,158,333,No,Urban,N
1914,Male,Married,0,Yes,No,3927,800,112,333,Yes,Semiurban,Y
1915,Male,Married,2,Yes,No,2301,985,78,180,Yes,Urban,Y
1917,Female,Single,0,Yes,No,1811,1666,54,333,Yes,Urban,Y
1922,Male,Married,0,Yes,No,20667,0,333,333,Yes,Rural,N
1924,Male,Single,0,Yes,No,3158,3053,89,333,Yes,Rural,Y
1925,Female,Single,0,Yes,Yes,2600,1717,99,300,Yes,Semiurban,N
1926,Male,Married,0,Yes,No,3704,2000,120,333,Yes,Rural,Y
1931,Female,Single,0,Yes,No,4124,0,115,333,Yes,Semiurban,Y
1935,Male,Single,0,Yes,No,9508,0,187,333,Yes,Rural,Y
1936,Male,Married,0,Yes,No,3075,2416,139,333,Yes,Rural,Y
1938,Male,Married,2,Yes,No,4400,0,127,333,No,Semiurban,N
1940,Male,Married,2,Yes,No,3153,1560,134,333,Yes,Urban,Y
1945,Female,Single,0,Yes,No,5417,0,143,480,No,Urban,N
1947,Male,Married,0,Yes,No,2383,3334,172,333,Yes,Semiurban,Y
1949,Male,Married,3,Yes,No,4416,1250,110,333,Yes,Urban,Y
1953,Male,Married,1,Yes,No,6875,0,200,333,Yes,Semiurban,Y
1954,Female,Married,1,Yes,No,4666,0,135,333,Yes,Urban,Y
1955,Female,Single,0,Yes,No,5000,2541,151,480,Yes,Rural,N
1963,Male,Married,1,Yes,No,2014,2925,113,333,Yes,Urban,N
1964,Male,Married,0,No,No,1800,2934,93,333,No,Urban,N
1972,Male,Married,0,No,No,2875,1750,105,333,Yes,Semiurban,Y
1974,Female,Single,0,Yes,No,5000,0,132,333,Yes,Rural,Y
1977,Male,Married,1,Yes,No,1625,1803,96,333,Yes,Urban,Y
1978,Male,Single,0,Yes,No,4000,2500,140,333,Yes,Rural,Y
1990,Male,Single,0,No,No,2000,0,333,333,Yes,Urban,N
2317,Male,Married,3,Yes,No,81000,0,360,333,No,Rural,N
2318,Female,Single,1,No,Yes,3867,0,62,333,Yes,Semiurban,N
2319,Male,Married,0,Yes,No,6256,0,160,333,No,Urban,Y
2328,Male,Married,0,No,No,6096,0,218,333,No,Rural,N
2332,Male,Married,0,No,No,2253,2033,110,333,Yes,Rural,Y
2335,Female,Married,0,No,No,2149,3237,178,333,No,Semiurban,N
2337,Female,Single,0,Yes,No,2995,0,60,333,Yes,Urban,Y
2341,Female,Single,1,Yes,No,2600,0,160,333,Yes,Urban,N
2342,Male,Married,2,Yes,Yes,1600,20000,239,333,Yes,Urban,N
2345,Male,Married,0,Yes,No,1025,2773,112,333,Yes,Rural,Y
2347,Male,Married,0,Yes,No,3246,1417,138,333,Yes,Semiurban,Y
2348,Male,Married,0,Yes,No,5829,0,138,333,Yes,Rural,Y
2357,Female,Single,0,No,No,2720,0,80,480,No,Urban,N
2361,Male,Married,0,Yes,No,1820,1719,100,333,Yes,Urban,Y
2362,Male,Married,1,Yes,No,7250,1667,110,480,No,Urban,N
2364,Male,Married,0,Yes,No,14880,0,96,333,Yes,Semiurban,Y
2366,Male,Married,0,Yes,No,2666,4300,121,333,Yes,Rural,Y
2367,Female,Single,1,No,No,4606,0,81,333,Yes,Rural,N
2368,Male,Married,2,Yes,No,5935,0,133,333,Yes,Semiurban,Y
2369,Male,Married,0,Yes,No,2920,16,87,333,Yes,Rural,Y
2370,Male,Single,0,No,No,2717,0,60,180,Yes,Urban,Y
2377,Female,Single,1,Yes,Yes,8624,0,150,333,Yes,Semiurban,Y
2379,Male,Single,0,Yes,No,6500,0,105,333,No,Rural,N
2386,Male,Single,0,Yes,No,12876,0,405,333,Yes,Semiurban,Y
2387,Male,Married,0,Yes,No,2425,2340,143,333,Yes,Semiurban,Y
2390,Male,Single,0,Yes,No,3750,0,100,333,Yes,Urban,Y
2393,Female,Single,0,Yes,No,10047,0,333,240,Yes,Semiurban,Y
2398,Male,Single,0,Yes,No,1926,1851,50,333,Yes,Semiurban,Y
2401,Male,Married,0,Yes,No,2213,1125,333,333,Yes,Urban,Y
2403,Male,Single,0,Yes,Yes,10416,0,187,333,No,Urban,N
2407,Female,Married,0,No,Yes,7142,0,138,333,Yes,Rural,Y
2408,Male,Single,0,Yes,No,3660,5064,187,333,Yes,Semiurban,Y
2409,Male,Married,0,Yes,No,7901,1833,180,333,Yes,Rural,Y
2418,Male,Single,3,No,No,4707,1993,148,333,Yes,Semiurban,Y
2422,Male,Single,1,Yes,No,37719,0,152,333,Yes,Semiurban,Y
2424,Male,Married,0,Yes,No,7333,8333,175,300,No,Rural,Y
2429,Male,Married,1,Yes,Yes,3466,1210,130,333,Yes,Rural,Y
2434,Male,Married,2,No,No,4652,0,110,333,Yes,Rural,Y
2435,Male,Married,0,Yes,No,3539,1376,55,333,Yes,Rural,N
2443,Male,Married,2,Yes,No,3340,1710,150,333,No,Rural,N
2444,Male,Single,1,No,Yes,2769,1542,190,333,No,Semiurban,N
2446,Male,Married,2,No,No,2309,1255,125,333,No,Rural,N
2447,Male,Married,2,No,No,1958,1456,60,300,No,Urban,Y
2448,Male,Married,0,Yes,No,3948,1733,149,333,No,Rural,N
2449,Male,Married,0,Yes,No,2483,2466,90,180,No,Rural,Y
2453,Male,Single,0,Yes,Yes,7085,0,84,333,Yes,Semiurban,Y
2455,Male,Married,2,Yes,No,3859,0,96,333,Yes,Semiurban,Y
2459,Male,Married,0,Yes,No,4301,0,118,333,Yes,Urban,Y
2467,Male,Married,0,Yes,No,3708,2569,173,333,Yes,Urban,N
2472,Male,Single,2,Yes,No,4354,0,136,333,Yes,Rural,Y
2473,Male,Married,0,Yes,No,8334,0,160,333,Yes,Semiurban,N
2478,Male,Married,0,Yes,Yes,2083,4083,160,333,No,Semiurban,Y
2484,Male,Married,3,Yes,No,7740,0,128,180,Yes,Urban,Y
2487,Male,Married,0,Yes,No,3015,2188,153,333,Yes,Rural,Y
2489,Female,Single,1,No,No,5191,0,132,333,Yes,Semiurban,Y
2493,Male,Single,0,Yes,No,4166,0,98,333,No,Semiurban,N
2494,Male,Single,0,Yes,No,6000,0,140,333,Yes,Rural,Y
2500,Male,Married,3,No,No,2947,1664,70,180,No,Urban,N
2501,Male,Married,0,Yes,No,16692,0,110,333,Yes,Semiurban,Y
2502,Female,Married,2,No,No,210,2917,98,333,Yes,Semiurban,Y
2505,Male,Married,0,Yes,No,4333,2451,110,333,Yes,Urban,N
2515,Male,Married,1,Yes,Yes,3450,2079,162,333,Yes,Semiurban,Y
2517,Male,Married,1,No,No,2653,1500,113,180,No,Rural,N
2519,Male,Married,3,Yes,No,4691,0,100,333,Yes,Semiurban,Y
2522,Female,Single,0,Yes,Yes,2500,0,93,333,No,Urban,Y
2524,Male,Single,2,Yes,No,5532,4648,162,333,Yes,Rural,Y
2527,Male,Married,2,Yes,Yes,16525,1014,150,333,Yes,Rural,Y
2529,Male,Married,2,Yes,No,6700,1750,230,300,Yes,Semiurban,Y
2530,Male,Married,2,Yes,No,2873,1872,132,333,No,Semiurban,N
2531,Male,Married,1,Yes,Yes,16667,2250,86,333,Yes,Semiurban,Y
2533,Male,Married,2,Yes,No,2947,1603,333,333,Yes,Urban,N
2534,Female,Single,0,No,No,4350,0,154,333,Yes,Rural,Y
2536,Male,Married,3,No,No,3095,0,113,333,Yes,Rural,Y
2537,Male,Married,0,Yes,No,2083,3150,128,333,Yes,Semiurban,Y
2541,Male,Married,0,Yes,No,10833,0,234,333,Yes,Semiurban,Y
2543,Male,Married,2,Yes,No,8333,0,246,333,Yes,Semiurban,Y
2544,Male,Married,1,No,No,1958,2436,131,333,Yes,Rural,Y
2545,Male,Single,2,Yes,No,3547,0,80,333,No,Rural,N
2547,Male,Married,1,Yes,No,18333,0,500,333,Yes,Urban,N
2555,Male,Married,2,Yes,Yes,4583,2083,160,333,Yes,Semiurban,Y
2556,Male,Single,0,Yes,No,2435,0,75,333,Yes,Urban,N
2560,Male,Single,0,No,No,2699,2785,96,333,No,Semiurban,Y
2562,Male,Married,1,No,No,5333,1131,186,333,No,Urban,Y
2571,Male,Single,0,No,No,3691,0,110,333,Yes,Rural,Y
2582,Female,Single,0,No,Yes,17263,0,225,333,Yes,Semiurban,Y
2585,Male,Married,0,Yes,No,3597,2157,119,333,No,Rural,N
2586,Female,Married,1,Yes,No,3326,913,105,84,Yes,Semiurban,Y
2587,Male,Married,0,No,No,2600,1700,107,333,Yes,Rural,Y
2588,Male,Married,0,Yes,No,4625,2857,111,12,No,Urban,Y
2600,Male,Married,1,Yes,Yes,2895,0,95,333,Yes,Semiurban,Y
2602,Male,Single,0,Yes,No,6283,4416,209,333,No,Rural,N
2603,Female,Single,0,Yes,No,645,3683,113,480,Yes,Rural,Y
2606,Female,Single,0,Yes,No,3159,0,100,333,Yes,Semiurban,Y
2615,Male,Married,2,Yes,No,4865,5624,208,333,Yes,Semiurban,Y
2618,Male,Married,1,No,No,4050,5302,138,333,No,Rural,N
2619,Male,Married,0,No,No,3814,1483,124,300,Yes,Semiurban,Y
2622,Male,Married,2,Yes,No,3510,4416,243,333,Yes,Rural,Y
2624,Male,Married,0,Yes,No,20833,6667,480,333,No,Urban,Y
2625,Male,Single,0,Yes,No,3583,0,96,333,Yes,Urban,N
2626,Male,Married,0,Yes,Yes,2479,3013,188,333,Yes,Urban,Y
2634,Female,Single,1,Yes,No,13262,0,40,333,Yes,Urban,Y
2637,Male,Single,0,No,No,3598,1287,100,333,Yes,Rural,N
2640,Male,Married,1,Yes,No,6065,2004,250,333,Yes,Semiurban,Y
2643,Male,Married,2,Yes,No,3283,2035,148,333,Yes,Urban,Y
2648,Male,Married,0,Yes,No,2130,6666,70,180,Yes,Semiurban,N
2652,Male,Single,0,Yes,No,5815,3666,311,333,Yes,Rural,N
2659,Male,Married,3,Yes,No,3466,3428,150,333,Yes,Rural,Y
2670,Female,Married,2,Yes,No,2031,1632,113,480,Yes,Semiurban,Y
2682,Male,Married,0,No,No,3074,1800,123,333,No,Semiurban,N
2683,Male,Single,0,Yes,No,4683,1915,185,333,Yes,Semiurban,N
2684,Female,Single,0,No,No,3400,0,95,333,Yes,Rural,N
2689,Male,Married,2,No,No,2192,1742,45,333,Yes,Semiurban,Y
2690,Male,Single,0,Yes,No,2500,0,55,333,Yes,Semiurban,Y
2692,Male,Married,3,Yes,Yes,5677,1424,100,333,Yes,Rural,Y
2693,Male,Married,2,Yes,Yes,7948,7166,480,333,Yes,Rural,Y
2697,Male,Single,0,Yes,No,4680,2087,333,333,Yes,Semiurban,N
2699,Male,Married,2,Yes,Yes,17500,0,400,333,Yes,Rural,Y
2705,Male,Married,0,Yes,No,3775,0,110,333,Yes,Semiurban,Y
2706,Male,Married,1,No,No,5285,1430,161,333,No,Semiurban,Y
2714,Male,Single,1,No,No,2679,1302,94,333,Yes,Semiurban,Y
2716,Male,Single,0,No,No,6783,0,130,333,Yes,Semiurban,Y
2717,Male,Married,0,Yes,No,1025,5500,216,333,No,Rural,Y
2720,Male,Married,3,Yes,No,4281,0,100,333,Yes,Urban,Y
2723,Male,Single,2,Yes,No,3588,0,110,333,No,Rural,N
2729,Male,Single,1,Yes,No,11250,0,196,333,No,Semiurban,N
2731,Female,Single,0,No,Yes,18165,0,125,333,Yes,Urban,Y
2732,Male,Single,0,No,No,2550,2042,126,333,Yes,Rural,Y
2734,Male,Married,0,Yes,No,6133,3906,324,333,Yes,Urban,Y
2738,Male,Single,2,Yes,No,3617,0,107,333,Yes,Semiurban,Y
2739,Male,Married,0,No,No,2917,536,66,333,Yes,Rural,N
2740,Male,Married,3,Yes,No,6417,0,157,180,Yes,Rural,Y
2741,Female,Married,1,Yes,No,4608,2845,140,180,Yes,Semiurban,Y
2743,Female,Single,0,Yes,No,2138,0,99,333,No,Semiurban,N
2753,Female,Single,1,Yes,No,3652,0,95,333,Yes,Semiurban,Y
2755,Male,Married,1,No,No,2239,2524,128,333,Yes,Urban,Y
2757,Female,Married,0,No,No,3017,663,102,333,No,Semiurban,Y
2767,Male,Married,0,Yes,No,2768,1950,155,333,Yes,Rural,Y
2768,Male,Single,0,No,No,3358,0,80,36,Yes,Semiurban,N
2772,Male,Single,0,Yes,No,2526,1783,145,333,Yes,Rural,Y
2776,Female,Single,0,Yes,No,5000,0,103,333,No,Semiurban,N
2777,Male,Married,0,Yes,No,2785,2016,110,333,Yes,Rural,Y
2778,Male,Married,2,Yes,Yes,6633,0,333,333,No,Rural,N
2784,Male,Married,1,No,No,2492,2375,333,333,Yes,Rural,Y
2785,Male,Married,1,Yes,No,3333,3250,158,333,Yes,Urban,Y
2788,Male,Married,0,No,No,2454,2333,181,333,No,Urban,N
2789,Male,Married,0,Yes,No,3593,4266,132,180,No,Rural,N
2792,Male,Married,1,Yes,No,5468,1032,26,333,Yes,Semiurban,Y
2794,Female,Single,0,Yes,No,2667,1625,84,333,No,Urban,Y
2795,Male,Married,3,Yes,Yes,10139,0,260,333,Yes,Semiurban,Y
2798,Male,Married,0,Yes,No,3887,2669,162,333,Yes,Semiurban,Y
2804,Female,Married,0,Yes,No,4180,2306,182,333,Yes,Semiurban,Y
2807,Male,Married,2,No,No,3675,242,108,333,Yes,Semiurban,Y
2813,Female,Married,1,Yes,Yes,19484,0,600,333,Yes,Semiurban,Y
2820,Male,Married,0,Yes,No,5923,2054,211,333,Yes,Rural,Y
2821,Male,Single,0,No,Yes,5800,0,132,333,Yes,Semiurban,Y
2832,Male,Married,2,Yes,No,8799,0,258,333,No,Urban,N
2833,Male,Married,0,No,No,4467,0,120,333,No,Rural,Y
2836,Male,Single,0,Yes,No,3333,0,70,333,Yes,Urban,Y
2837,Male,Married,3,Yes,No,3400,2500,123,333,No,Rural,N
2840,Female,Single,0,Yes,No,2378,0,9,333,Yes,Urban,N
2841,Male,Married,0,Yes,No,3166,2064,104,333,No,Urban,N
2842,Male,Married,1,Yes,No,3417,1750,186,333,Yes,Urban,Y
2847,Male,Married,0,Yes,No,5116,1451,165,333,No,Urban,N
2855,Male,Married,2,Yes,No,16666,0,275,333,Yes,Urban,Y
2862,Male,Married,2,No,No,6125,1625,187,480,Yes,Semiurban,N
2863,Male,Married,3,Yes,No,6406,0,150,333,Yes,Semiurban,N
2868,Male,Married,2,Yes,No,3159,461,108,84,Yes,Urban,Y
2872,Male,Married,0,Yes,No,3087,2210,136,333,No,Semiurban,N
2874,Male,Single,0,Yes,No,3229,2739,110,333,Yes,Urban,Y
2877,Male,Married,1,Yes,No,1782,2232,107,333,Yes,Rural,Y
2888,Male,Single,0,Yes,No,3182,2917,161,333,Yes,Urban,Y
2892,Male,Married,2,Yes,No,6540,0,205,333,Yes,Semiurban,Y
2893,Male,Single,0,Yes,No,1836,33837,90,333,Yes,Urban,N
2894,Female,Married,0,Yes,No,3166,0,36,333,Yes,Semiurban,Y
2898,Male,Married,1,Yes,No,1880,0,61,333,No,Rural,N
2911,Male,Married,1,Yes,No,2787,1917,146,333,No,Rural,N
2912,Male,Married,1,Yes,No,4283,3000,172,84,Yes,Rural,N
2916,Male,Married,0,Yes,No,2297,1522,104,333,Yes,Urban,Y
2917,Female,Single,0,No,No,2165,0,70,333,Yes,Semiurban,Y
2925,Male,Single,0,Yes,No,4750,0,94,333,Yes,Semiurban,Y
2926,Male,Married,2,Yes,Yes,2726,0,106,333,No,Semiurban,N
2928,Male,Married,0,Yes,No,3000,3416,56,180,Yes,Semiurban,Y
2931,Male,Married,2,Yes,Yes,6000,0,205,240,Yes,Semiurban,N
2933,Male,Single,3,Yes,Yes,9357,0,292,333,Yes,Semiurban,Y
2936,Male,Married,0,Yes,No,3859,3300,142,180,Yes,Rural,Y
2938,Male,Married,0,Yes,Yes,16120,0,260,333,Yes,Urban,Y
2940,Male,Single,0,No,No,3833,0,110,333,Yes,Rural,Y
2941,Male,Married,2,No,Yes,6383,1000,187,333,Yes,Rural,N
2943,Male,Single,0,Yes,No,2987,0,88,333,No,Semiurban,N
2945,Male,Married,0,Yes,Yes,9963,0,180,333,Yes,Rural,Y
2948,Male,Married,2,Yes,No,5780,0,192,333,Yes,Urban,Y
2949,Female,Single,3,Yes,No,416,41667,350,180,No,Urban,N
2950,Male,Married,0,No,No,2894,2792,155,333,Yes,Rural,Y
2953,Male,Married,3,Yes,No,5703,0,128,333,Yes,Urban,Y
2958,Male,Single,0,Yes,No,3676,4301,172,333,Yes,Rural,Y
2959,Female,Married,1,Yes,No,12000,0,496,333,Yes,Semiurban,Y
2960,Male,Married,0,No,No,2400,3800,333,180,Yes,Urban,N
2961,Male,Married,1,Yes,No,3400,2500,173,333,Yes,Semiurban,Y
2964,Male,Married,2,No,No,3987,1411,157,333,Yes,Rural,Y
2974,Male,Married,0,Yes,No,3232,1950,108,333,Yes,Rural,Y
2978,Female,Single,0,Yes,No,2900,0,71,333,Yes,Rural,Y
2979,Male,Married,3,Yes,No,4106,0,40,180,Yes,Rural,Y
2983,Male,Married,1,Yes,No,8072,240,253,333,Yes,Urban,Y
2984,Male,Married,2,Yes,No,7583,0,187,333,Yes,Urban,Y
2990,Female,Single,0,Yes,Yes,4583,0,133,333,No,Semiurban,N
1002,Male,Single,0,Yes,No,5849,0,128,360,Yes,Urban,Y
1003,Male,Married,1,Yes,No,4583,1508,128,360,Yes,Rural,N
1005,Male,Married,0,Yes,Yes,3000,0,66,360,Yes,Urban,Y
1006,Male,Married,0,No,No,2583,2358,120,360,Yes,Urban,Y
1008,Male,Single,0,Yes,No,6000,0,141,360,Yes,Urban,Y
1011,Male,Married,2,Yes,Yes,5417,4196,267,360,Yes,Urban,Y
1013,Male,Married,0,No,No,2333,1516,95,360,Yes,Urban,Y
1014,Male,Married,3,Yes,No,3036,2504,158,360,No,Semiurban,N
1018,Male,Married,2,Yes,No,4006,1526,168,360,Yes,Urban,Y
1020,Male,Married,1,Yes,No,12841,10968,349,360,Yes,Semiurban,N
1024,Male,Married,2,Yes,No,3200,700,70,360,Yes,Urban,Y
1027,Male,Married,2,Yes,No,2500,1840,109,360,Yes,Urban,Y
1028,Male,Married,2,Yes,No,3073,8106,200,360,Yes,Urban,Y
1029,Male,Single,0,Yes,No,1853,2840,114,360,Yes,Rural,N
1030,Male,Married,2,Yes,No,1299,1086,17,120,Yes,Urban,Y
1032,Male,Single,0,Yes,No,4950,0,125,360,Yes,Urban,Y
1034,Male,Single,1,No,No,3596,0,100,240,No,Urban,Y
1036,Female,Single,0,Yes,No,3510,0,76,360,No,Urban,N
1038,Male,Married,0,No,No,4887,0,133,360,Yes,Rural,N
1041,Male,Married,0,Yes,No,2600,3500,115,360,Yes,Urban,Y
1043,Male,Married,0,No,No,7660,0,104,360,No,Urban,N
1046,Male,Married,1,Yes,No,5955,5625,315,360,Yes,Urban,Y
1047,Male,Married,0,No,No,2600,1911,116,360,No,Semiurban,N
1050,Male,Married,2,No,No,3365,1917,112,360,No,Rural,N
1052,Male,Married,1,Yes,No,3717,2925,151,360,No,Semiurban,N
1066,Male,Married,0,Yes,Yes,9560,0,191,360,Yes,Semiurban,Y
1068,Male,Married,0,Yes,No,2799,2253,122,360,Yes,Semiurban,Y
1073,Male,Married,2,No,No,4226,1040,110,360,Yes,Urban,Y
1086,Male,Single,0,No,No,1442,0,35,360,Yes,Urban,N
1091,Male,Married,1,Yes,No,4166,3369,201,360,No,Urban,N
1095,Male,Single,0,Yes,No,3167,0,74,360,Yes,Urban,N
1097,Male,Single,1,Yes,Yes,4692,0,106,360,Yes,Rural,N
1098,Male,Married,0,Yes,No,3500,1667,114,360,Yes,Semiurban,Y
1100,Male,Single,3,Yes,No,12500,3000,320,360,Yes,Rural,N
1106,Male,Married,0,Yes,No,2275,2067,128,360,Yes,Urban,Y
1109,Male,Married,0,Yes,No,1828,1330,100,360,No,Urban,N
1112,Female,Married,0,Yes,No,3667,1459,144,360,Yes,Semiurban,Y
1114,Male,Single,0,Yes,No,4166,7210,184,360,Yes,Urban,Y
1116,Male,Single,0,No,No,3748,1668,110,360,Yes,Semiurban,Y
1119,Male,Single,0,Yes,No,3600,0,80,360,Yes,Urban,N
1120,Male,Single,0,Yes,No,1800,1213,47,360,Yes,Urban,Y
1123,Male,Married,0,Yes,No,2400,0,75,360,No,Urban,Y
1131,Male,Married,0,Yes,No,3941,2336,134,360,Yes,Semiurban,Y
1136,Male,Married,0,No,Yes,4695,0,96,360,Yes,Urban,Y
1137,Female,Single,0,Yes,No,3410,0,88,360,Yes,Urban,Y
1138,Male,Married,1,Yes,No,5649,0,44,360,Yes,Urban,Y
1144,Male,Married,0,Yes,No,5821,0,144,360,Yes,Urban,Y
1146,Female,Married,0,Yes,No,2645,3440,120,360,No,Urban,N
1151,Female,Single,0,Yes,No,4000,2275,144,360,Yes,Semiurban,Y
1155,Female,Married,0,No,No,1928,1644,100,360,Yes,Semiurban,Y
1157,Female,Single,0,Yes,No,3086,0,120,360,Yes,Semiurban,Y
1164,Female,Single,0,Yes,No,4230,0,112,360,Yes,Semiurban,N
1179,Male,Married,2,Yes,No,4616,0,134,360,Yes,Urban,N
1186,Female,Married,1,Yes,Yes,11500,0,286,360,No,Urban,N
1194,Male,Married,2,Yes,No,2708,1167,97,360,Yes,Semiurban,Y
1195,Male,Married,0,Yes,No,2132,1591,96,360,Yes,Semiurban,Y
1197,Male,Married,0,Yes,No,3366,2200,135,360,Yes,Rural,N
1199,Male,Married,2,No,No,3357,2859,144,360,Yes,Urban,Y
1205,Male,Married,0,Yes,No,2500,3796,120,360,Yes,Urban,Y
1206,Male,Married,3,Yes,No,3029,0,99,360,Yes,Urban,Y
1207,Male,Married,0,No,Yes,2609,3449,165,180,No,Rural,N
1213,Male,Married,1,Yes,No,4945,0,128,360,No,Rural,N
1222,Female,Single,0,Yes,No,4166,0,116,360,No,Semiurban,N
1225,Male,Married,0,Yes,No,5726,4595,258,360,Yes,Semiurban,N
1228,Male,Single,0,No,No,3200,2254,126,180,No,Urban,N
1233,Male,Married,1,Yes,No,10750,0,312,360,Yes,Urban,Y
1238,Male,Married,3,No,Yes,7100,0,125,60,Yes,Urban,Y
1241,Female,Single,0,Yes,No,4300,0,136,360,No,Semiurban,N
1243,Male,Married,0,Yes,No,3208,3066,172,360,Yes,Urban,Y
1245,Male,Married,2,No,Yes,1875,1875,97,360,Yes,Semiurban,Y
1248,Male,Single,0,Yes,No,3500,0,81,300,Yes,Semiurban,Y
1250,Male,Married,3,No,No,4755,0,95,360,No,Semiurban,N
1253,Male,Married,3,Yes,Yes,5266,1774,187,360,Yes,Semiurban,Y
1255,Male,Single,0,Yes,No,3750,0,113,480,Yes,Urban,N
1256,Male,Single,0,Yes,No,3750,4750,176,360,Yes,Urban,N
1259,Male,Married,1,Yes,Yes,1000,3022,110,360,Yes,Urban,N
1263,Male,Married,3,Yes,No,3167,4000,180,300,No,Semiurban,N
1264,Male,Married,3,No,Yes,3333,2166,130,360,No,Semiurban,Y
1265,Female,Single,0,Yes,No,3846,0,111,360,Yes,Semiurban,Y
1266,Male,Married,1,Yes,Yes,2395,0,128,360,Yes,Semiurban,Y
1267,Female,Married,2,Yes,No,1378,1881,167,360,Yes,Urban,N
1273,Male,Married,0,Yes,No,6000,2250,265,360,No,Semiurban,N
1275,Male,Married,1,Yes,No,3988,0,50,240,Yes,Urban,Y
1279,Male,Single,0,Yes,No,2366,2531,136,360,Yes,Semiurban,Y
1280,Male,Married,2,No,No,3333,2000,99,360,No,Semiurban,Y
1289,Male,Single,0,Yes,No,8566,0,210,360,Yes,Urban,Y
1310,Male,Married,0,Yes,No,5695,4167,175,360,Yes,Semiurban,Y
1316,Male,Married,0,Yes,No,2958,2900,131,360,Yes,Semiurban,Y
1318,Male,Married,2,Yes,No,6250,5654,188,180,Yes,Semiurban,Y
1319,Male,Married,2,No,No,3273,1820,81,360,Yes,Urban,Y
1322,Male,Single,0,Yes,No,4133,0,122,360,Yes,Semiurban,Y
1325,Male,Single,0,No,No,3620,0,25,120,Yes,Semiurban,Y
1326,Male,Single,0,Yes,No,6782,0,128,360,No,Urban,N
1327,Female,Married,0,Yes,No,2484,2302,137,360,Yes,Semiurban,Y
1333,Male,Married,0,Yes,No,1977,997,50,360,Yes,Semiurban,Y
1334,Male,Married,0,No,No,4188,0,115,180,Yes,Semiurban,Y
1343,Male,Married,0,Yes,No,1759,3541,131,360,Yes,Semiurban,Y
1345,Male,Married,2,No,No,4288,3263,133,180,Yes,Urban,Y
1349,Male,Single,0,Yes,No,4843,3806,151,360,Yes,Semiurban,Y
1350,Male,Married,0,Yes,No,13650,0,128,360,Yes,Urban,Y
1356,Male,Married,0,Yes,No,4652,3583,128,360,Yes,Semiurban,Y
1357,Male,Single,0,Yes,No,3816,754,160,360,Yes,Urban,Y
1367,Male,Married,1,Yes,No,3052,1030,100,360,Yes,Urban,Y
1369,Male,Married,2,Yes,No,11417,1126,225,360,Yes,Urban,Y
1370,Male,Single,0,No,No,7333,0,120,360,Yes,Rural,N
1379,Male,Married,2,Yes,No,3800,3600,216,360,No,Urban,N
1384,Male,Married,3,No,No,2071,754,94,480,Yes,Semiurban,Y
1385,Male,Single,0,Yes,No,5316,0,136,360,Yes,Urban,Y
1387,Female,Married,0,Yes,No,2929,2333,139,360,Yes,Semiurban,Y
1391,Male,Married,0,No,No,3572,4114,152,360,No,Rural,N
1392,Female,Single,1,Yes,Yes,7451,0,128,360,Yes,Semiurban,Y
1398,Male,Single,0,Yes,No,5050,0,118,360,Yes,Semiurban,Y
1401,Male,Married,1,Yes,No,14583,0,185,180,Yes,Rural,Y
1405,Male,Married,1,Yes,No,2214,1398,85,360,No,Urban,Y
1421,Male,Married,0,Yes,No,5568,2142,175,360,Yes,Rural,N
1422,Female,Single,0,Yes,No,10408,0,259,360,Yes,Urban,Y
1426,Male,Married,0,Yes,No,5667,2667,180,360,Yes,Rural,Y
1430,Female,Single,0,Yes,No,4166,0,44,360,Yes,Semiurban,Y
1431,Female,Single,0,Yes,No,2137,8980,137,360,No,Semiurban,Y
1432,Male,Married,2,Yes,No,2957,0,81,360,Yes,Semiurban,Y
1439,Male,Married,0,No,No,4300,2014,194,360,Yes,Rural,Y
1443,Female,Single,0,Yes,No,3692,0,93,360,No,Rural,Y
1448,Male,Married,3,Yes,No,23803,0,370,360,Yes,Rural,Y
1449,Male,Single,0,Yes,No,3865,1640,128,360,Yes,Rural,Y
1451,Male,Married,1,Yes,Yes,10513,3850,160,180,No,Urban,N
1465,Male,Married,0,Yes,No,6080,2569,182,360,No,Rural,N
1469,Male,Single,0,Yes,Yes,20166,0,650,480,No,Urban,Y
1473,Male,Single,0,Yes,No,2014,1929,74,360,Yes,Urban,Y
1478,Male,Single,0,Yes,No,2718,0,70,360,Yes,Semiurban,Y
1482,Male,Married,0,Yes,Yes,3459,0,25,120,Yes,Semiurban,Y
1487,Male,Single,0,Yes,No,4895,0,102,360,Yes,Semiurban,Y
1488,Male,Married,3,Yes,No,4000,7750,290,360,Yes,Semiurban,N
1489,Female,Married,0,Yes,No,4583,0,84,360,Yes,Rural,N
1491,Male,Married,2,Yes,Yes,3316,3500,88,360,Yes,Urban,Y
1492,Male,Single,0,Yes,No,14999,0,242,360,No,Semiurban,N
1493,Male,Married,2,No,No,4200,1430,129,360,Yes,Rural,N
1497,Male,Married,2,Yes,No,5042,2083,185,360,Yes,Rural,N
1498,Male,Single,0,Yes,No,5417,0,168,360,Yes,Urban,Y
1504,Male,Single,0,Yes,Yes,6950,0,175,180,Yes,Semiurban,Y
1507,Male,Married,0,Yes,No,2698,2034,122,360,Yes,Semiurban,Y
1508,Male,Married,2,Yes,No,11757,0,187,180,Yes,Urban,Y
1516,Female,Married,2,Yes,No,14866,0,70,360,Yes,Urban,Y
1518,Male,Married,1,Yes,No,1538,1425,30,360,Yes,Urban,Y
1519,Female,Single,0,Yes,No,10000,1666,225,360,Yes,Rural,N
1520,Male,Married,0,Yes,No,4860,830,125,360,Yes,Semiurban,Y
1528,Male,Single,0,Yes,No,6277,0,118,360,No,Rural,N
1529,Male,Married,0,Yes,Yes,2577,3750,152,360,Yes,Rural,Y
1531,Male,Single,0,Yes,No,9166,0,244,360,Yes,Urban,N
1532,Male,Married,2,No,No,2281,0,113,360,Yes,Rural,N
1535,Male,Single,0,Yes,No,3254,0,50,360,Yes,Urban,Y
1536,Male,Married,3,Yes,No,39999,0,600,180,No,Semiurban,Y
1541,Male,Married,1,Yes,No,6000,0,160,360,No,Rural,Y
1543,Male,Married,1,Yes,No,9538,0,187,360,Yes,Urban,Y
1546,Male,Single,0,Yes,No,2980,2083,120,360,Yes,Rural,Y
1552,Male,Married,0,Yes,No,4583,5625,255,360,Yes,Semiurban,Y
1560,Male,Married,0,No,No,1863,1041,98,360,Yes,Semiurban,Y
1562,Male,Married,0,Yes,No,7933,0,275,360,Yes,Urban,N
1565,Male,Married,1,Yes,No,3089,1280,121,360,No,Semiurban,N
1570,Male,Married,2,Yes,No,4167,1447,158,360,Yes,Rural,Y
1572,Male,Married,0,Yes,No,9323,0,75,180,Yes,Urban,Y
1574,Male,Married,0,Yes,No,3707,3166,182,360,Yes,Rural,Y
1577,Female,Married,0,Yes,No,4583,0,112,360,Yes,Rural,N
1578,Male,Married,0,Yes,No,2439,3333,129,360,Yes,Rural,Y
1579,Male,Single,0,Yes,No,2237,0,63,480,No,Semiurban,N
1580,Male,Married,2,Yes,No,8000,0,200,360,Yes,Semiurban,Y
1581,Male,Married,0,No,No,1820,1769,95,360,Yes,Rural,Y
1585,Male,Married,3,Yes,No,51763,0,700,300,Yes,Urban,Y
1586,Male,Married,3,No,No,3522,0,81,180,Yes,Rural,N
1594,Male,Married,0,Yes,No,5708,5625,187,360,Yes,Semiurban,Y
1606,Male,Married,0,Yes,No,3497,1964,116,360,Yes,Rural,Y
1608,Male,Married,2,Yes,No,2045,1619,101,360,Yes,Rural,Y
1610,Male,Married,3,Yes,No,5516,11300,495,360,No,Semiurban,N
1616,Male,Married,1,Yes,No,3750,0,116,360,Yes,Semiurban,Y
1630,Male,Single,0,No,No,2333,1451,102,480,No,Urban,N
1633,Male,Married,1,Yes,No,6400,7250,180,360,No,Urban,N
1634,Male,Single,0,Yes,No,1916,5063,67,360,No,Rural,N
1636,Male,Married,0,Yes,No,4600,0,73,180,Yes,Semiurban,Y
1637,Male,Married,1,Yes,No,33846,0,260,360,Yes,Semiurban,N
1639,Female,Married,0,Yes,No,3625,0,108,360,Yes,Semiurban,Y
1640,Male,Married,0,Yes,Yes,39147,4750,120,360,Yes,Semiurban,Y
1641,Male,Married,1,Yes,Yes,2178,0,66,300,No,Rural,N
1643,Male,Married,0,Yes,No,2383,2138,58,360,No,Rural,Y
1644,Male,Married,0,Yes,Yes,674,5296,168,360,Yes,Rural,Y
1647,Male,Married,0,Yes,No,9328,0,188,180,Yes,Rural,Y
1653,Male,Single,0,No,No,4885,0,48,360,Yes,Rural,Y
1656,Male,Single,0,Yes,No,12000,0,164,360,Yes,Semiurban,N
1657,Male,Married,0,No,No,6033,0,160,360,Yes,Urban,N
1658,Male,Single,0,Yes,No,3858,0,76,360,Yes,Semiurban,Y
1664,Male,Single,0,Yes,No,4191,0,120,360,Yes,Rural,Y
1665,Male,Married,1,Yes,No,3125,2583,170,360,Yes,Semiurban,N
1666,Male,Single,0,Yes,No,8333,3750,187,360,Yes,Rural,Y
1669,Female,Single,0,No,No,1907,2365,120,360,Yes,Urban,Y
1671,Female,Married,0,Yes,No,3416,2816,113,360,No,Semiurban,Y
1673,Male,Single,0,Yes,Yes,11000,0,83,360,Yes,Urban,N
1674,Male,Married,1,No,No,2600,2500,90,360,Yes,Semiurban,Y
1677,Male,Single,2,Yes,No,4923,0,166,360,No,Semiurban,Y
1682,Male,Married,3,No,No,3992,0,128,180,Yes,Urban,N
1691,Male,Married,2,No,No,3917,0,124,360,Yes,Semiurban,Y
1692,Female,Single,0,No,No,4408,0,120,360,Yes,Semiurban,Y
1693,Female,Single,0,Yes,No,3244,0,80,360,Yes,Urban,Y
1698,Male,Single,0,No,No,3975,2531,55,360,Yes,Rural,Y
1699,Male,Single,0,Yes,No,2479,0,59,360,Yes,Urban,Y
1702,Male,Single,0,Yes,No,3418,0,127,360,Yes,Semiurban,N
1708,Female,Single,0,Yes,No,10000,0,214,360,Yes,Semiurban,N
1711,Male,Married,3,Yes,No,3430,1250,128,360,No,Semiurban,N
1713,Male,Married,1,Yes,Yes,7787,0,240,360,Yes,Urban,Y
1715,Male,Married,3,No,Yes,5703,0,130,360,Yes,Rural,Y
1716,Male,Married,0,Yes,No,3173,3021,137,360,Yes,Urban,Y
1720,Male,Married,3,No,No,3850,983,100,360,Yes,Semiurban,Y
1722,Male,Married,0,Yes,No,150,1800,135,360,Yes,Rural,N
1726,Male,Married,0,Yes,No,3727,1775,131,360,Yes,Semiurban,Y
1732,Male,Married,2,Yes,No,5000,0,72,360,No,Semiurban,N
1734,Female,Married,2,Yes,No,4283,2383,127,360,No,Semiurban,Y
1736,Male,Married,0,Yes,No,2221,0,60,360,No,Urban,N
1743,Male,Married,2,Yes,No,4009,1717,116,360,Yes,Semiurban,Y
1744,Male,Single,0,Yes,No,2971,2791,144,360,Yes,Semiurban,Y
1749,Male,Married,0,Yes,No,7578,1010,175,360,Yes,Semiurban,Y
1750,Male,Married,0,Yes,No,6250,0,128,360,Yes,Semiurban,Y
1751,Male,Married,0,Yes,No,3250,0,170,360,Yes,Rural,N
1754,Male,Married,0,No,Yes,4735,0,138,360,Yes,Urban,N
1758,Male,Married,2,Yes,No,6250,1695,210,360,Yes,Semiurban,Y
1760,Male,Single,0,Yes,No,4758,0,158,480,Yes,Semiurban,Y
1761,Male,Single,0,Yes,Yes,6400,0,200,360,Yes,Rural,Y
1765,Male,Married,1,Yes,No,2491,2054,104,360,Yes,Semiurban,Y
1768,Male,Married,0,Yes,No,3716,0,42,180,Yes,Rural,Y
1776,Female,Single,0,Yes,No,8333,0,280,360,Yes,Semiurban,Y
1778,Male,Married,1,Yes,No,3155,1779,140,360,Yes,Semiurban,Y
1784,Male,Married,1,Yes,No,5500,1260,170,360,Yes,Rural,Y
1786,Male,Married,0,Yes,No,5746,0,255,360,No,Urban,N
1788,Female,Single,0,Yes,Yes,3463,0,122,360,No,Urban,Y
1790,Female,Single,1,Yes,No,3812,0,112,360,Yes,Rural,Y
1792,Male,Married,1,Yes,No,3315,0,96,360,Yes,Semiurban,Y
1798,Male,Married,2,Yes,No,5819,5000,120,360,Yes,Rural,Y
1800,Male,Married,1,No,No,2510,1983,140,180,Yes,Urban,N
1806,Male,Single,0,Yes,No,2965,5701,155,60,Yes,Urban,Y
1807,Male,Married,2,Yes,Yes,6250,1300,108,360,Yes,Rural,Y
1811,Male,Married,0,No,No,3406,4417,123,360,Yes,Semiurban,Y
1813,Male,Single,0,Yes,Yes,6050,4333,120,180,Yes,Urban,N
1814,Male,Married,2,Yes,No,9703,0,112,360,Yes,Urban,Y
1819,Male,Married,1,No,No,6608,0,137,180,Yes,Urban,Y
1824,Male,Married,1,Yes,No,2882,1843,123,480,Yes,Semiurban,Y
1825,Male,Married,0,Yes,No,1809,1868,90,360,Yes,Urban,Y
1835,Male,Married,0,No,No,1668,3890,201,360,No,Semiurban,N
1836,Female,Single,2,Yes,No,3427,0,138,360,Yes,Urban,N
1841,Male,Single,0,No,Yes,2583,2167,104,360,Yes,Rural,Y
1843,Male,Married,1,No,No,2661,7101,279,180,Yes,Semiurban,Y
1844,Male,Single,0,Yes,Yes,16250,0,192,360,No,Urban,N
1846,Female,Single,3,Yes,No,3083,0,255,360,Yes,Rural,Y
1849,Male,Single,0,No,No,6045,0,115,360,No,Rural,N
1854,Male,Married,3,Yes,No,5250,0,94,360,Yes,Urban,N
1859,Male,Married,0,Yes,No,14683,2100,304,360,Yes,Rural,N
1864,Male,Married,3,No,No,4931,0,128,360,No,Semiurban,N
1865,Male,Married,1,Yes,No,6083,4250,330,360,No,Urban,Y
1870,Female,Single,1,Yes,No,3481,0,155,36,Yes,Semiurban,N
1871,Female,Single,0,Yes,No,7200,0,120,360,Yes,Rural,Y
1872,Male,Single,0,Yes,Yes,5166,0,128,360,Yes,Semiurban,Y
1875,Male,Single,0,Yes,No,4095,3447,151,360,Yes,Rural,Y
1877,Male,Married,2,Yes,No,4708,1387,150,360,Yes,Semiurban,Y
1882,Male,Married,3,Yes,No,4333,1811,160,360,No,Urban,Y
1883,Female,Single,0,Yes,No,3418,0,135,360,Yes,Rural,N
1884,Female,Single,1,Yes,No,2876,1560,90,360,Yes,Urban,Y
1888,Female,Single,0,Yes,No,3237,0,30,360,Yes,Urban,Y
1891,Male,Married,0,Yes,No,11146,0,136,360,Yes,Urban,Y
1892,Male,Single,0,Yes,No,2833,1857,126,360,Yes,Rural,Y
1894,Male,Married,0,Yes,No,2620,2223,150,360,Yes,Semiurban,Y
1896,Male,Married,2,Yes,No,3900,0,90,360,Yes,Semiurban,Y
1993,Female,Single,0,Yes,No,3762,1666,135,360,Yes,Rural,Y
1994,Female,Single,0,Yes,No,2400,1863,104,360,No,Urban,N
1996,Male,Single,0,Yes,No,20233,0,480,360,Yes,Rural,N
1998,Male,Married,2,No,No,7667,0,185,360,No,Rural,Y
2002,Female,Single,0,Yes,No,2917,0,84,360,Yes,Semiurban,Y
2004,Male,Single,0,No,No,2927,2405,111,360,Yes,Semiurban,Y
2006,Female,Single,0,Yes,No,2507,0,56,360,Yes,Rural,Y
2008,Male,Married,2,Yes,Yes,5746,0,144,84,No,Rural,Y
2024,Male,Married,0,Yes,No,2473,1843,159,360,Yes,Rural,N
2031,Male,Married,1,No,No,3399,1640,111,180,Yes,Urban,Y
2035,Male,Married,2,Yes,No,3717,0,120,360,Yes,Semiurban,Y
2036,Male,Married,0,Yes,No,2058,2134,88,360,No,Urban,Y
2043,Female,Single,1,Yes,No,3541,0,112,360,No,Semiurban,Y
2051,Male,Married,0,Yes,No,2400,2167,115,360,Yes,Semiurban,Y
2053,Male,Married,3,Yes,No,4342,189,124,360,Yes,Semiurban,Y
2054,Male,Married,2,No,No,3601,1590,128,360,Yes,Rural,Y
2055,Female,Single,0,Yes,No,3166,2985,132,360,No,Rural,Y
2065,Male,Married,3,Yes,No,15000,0,300,360,Yes,Rural,Y
2067,Male,Married,1,Yes,Yes,8666,4983,376,360,No,Rural,N
2068,Male,Single,0,Yes,No,4917,0,130,360,No,Rural,Y
2082,Male,Married,0,Yes,Yes,5818,2160,184,360,Yes,Semiurban,Y
2086,Female,Married,0,Yes,No,4333,2451,110,360,Yes,Urban,N
2087,Female,Single,0,Yes,No,2500,0,67,360,Yes,Urban,Y
2097,Male,Single,1,Yes,No,4384,1793,117,360,Yes,Urban,Y
2098,Male,Single,0,Yes,No,2935,0,98,360,Yes,Semiurban,Y
2100,Male,Single,0,Yes,No,2833,0,71,360,Yes,Urban,Y
2101,Male,Married,0,Yes,No,63337,0,490,180,Yes,Urban,Y
2103,Male,Married,1,Yes,Yes,9833,1833,182,180,Yes,Urban,Y
2106,Male,Married,0,Yes,Yes,5503,4490,70,360,Yes,Semiurban,Y
2110,Male,Married,1,Yes,No,5250,688,160,360,Yes,Rural,Y
2112,Male,Married,2,Yes,Yes,2500,4600,176,360,Yes,Rural,Y
2113,Female,Single,3,No,No,1830,0,128,360,No,Urban,N
2114,Female,Single,0,Yes,No,4160,0,71,360,Yes,Semiurban,Y
2115,Male,Married,3,No,No,2647,1587,173,360,Yes,Rural,N
2116,Female,Single,0,Yes,No,2378,0,46,360,Yes,Rural,N
2119,Male,Married,1,No,No,4554,1229,158,360,Yes,Urban,Y
2126,Male,Married,3,No,No,3173,0,74,360,Yes,Semiurban,Y
2128,Male,Married,2,Yes,No,2583,2330,125,360,Yes,Rural,Y
2129,Male,Married,0,Yes,No,2499,2458,160,360,Yes,Semiurban,Y
2130,Male,Married,0,No,No,3523,3230,152,360,No,Rural,N
2131,Male,Married,2,No,No,3083,2168,126,360,Yes,Urban,Y
2138,Male,Married,0,Yes,No,2625,6250,187,360,Yes,Rural,Y
2139,Male,Married,0,Yes,No,9083,0,228,360,Yes,Semiurban,Y
2140,Male,Single,0,Yes,No,8750,4167,308,360,Yes,Rural,N
2141,Male,Married,3,Yes,No,2666,2083,95,360,Yes,Rural,Y
2142,Female,Married,0,Yes,Yes,5500,0,105,360,No,Rural,N
2143,Female,Married,0,Yes,No,2423,505,130,360,Yes,Semiurban,Y
2144,Female,Single,0,Yes,No,3813,0,116,180,Yes,Urban,Y
2149,Male,Married,2,Yes,No,8333,3167,165,360,Yes,Rural,Y
2151,Male,Married,1,Yes,No,3875,0,67,360,Yes,Urban,N
2158,Male,Married,0,No,No,3000,1666,100,480,No,Urban,N
2160,Male,Married,3,Yes,No,5167,3167,200,360,Yes,Semiurban,Y
2161,Female,Single,1,Yes,No,4723,0,81,360,Yes,Semiurban,N
2170,Male,Married,2,Yes,No,5000,3667,236,360,Yes,Semiurban,Y
2175,Male,Married,0,Yes,No,4750,2333,130,360,Yes,Urban,Y
2178,Male,Married,0,Yes,No,3013,3033,95,300,No,Urban,Y
2180,Male,Single,0,Yes,Yes,6822,0,141,360,Yes,Rural,Y
2181,Male,Single,0,No,No,6216,0,133,360,Yes,Rural,N
2187,Male,Single,0,Yes,No,2500,0,96,480,Yes,Semiurban,N
2188,Male,Single,0,Yes,No,5124,0,124,360,No,Rural,N
2190,Male,Married,1,Yes,No,6325,0,175,360,Yes,Semiurban,Y
2191,Male,Married,0,Yes,No,19730,5266,570,360,Yes,Rural,N
2194,Female,Single,0,Yes,Yes,15759,0,55,360,Yes,Semiurban,Y
2197,Male,Married,2,Yes,No,5185,0,155,360,Yes,Semiurban,Y
2201,Male,Married,2,Yes,Yes,9323,7873,380,300,Yes,Rural,Y
2205,Male,Single,1,Yes,No,3062,1987,111,180,No,Urban,N
2209,Female,Single,0,Yes,No,2764,1459,110,360,Yes,Urban,Y
2211,Male,Married,0,Yes,No,4817,923,120,180,Yes,Urban,Y
2219,Male,Married,3,Yes,No,8750,4996,130,360,Yes,Rural,Y
2224,Male,Single,0,Yes,No,3069,0,71,480,Yes,Urban,N
2225,Male,Married,2,Yes,No,5391,0,130,360,Yes,Urban,Y
2226,Male,Married,0,Yes,No,3333,2500,128,360,Yes,Semiurban,Y
2229,Male,Single,0,Yes,No,5941,4232,296,360,Yes,Semiurban,Y
2231,Female,Single,0,Yes,No,6000,0,156,360,Yes,Urban,Y
2234,Male,Single,0,Yes,Yes,7167,0,128,360,Yes,Urban,Y
2236,Male,Married,2,Yes,No,4566,0,100,360,Yes,Urban,N
2237,Male,Single,1,Yes,No,3667,0,113,180,Yes,Urban,Y
2239,Male,Single,0,No,No,2346,1600,132,360,Yes,Semiurban,Y
2243,Male,Married,0,No,No,3010,3136,128,360,No,Urban,N
2244,Male,Married,0,Yes,No,2333,2417,136,360,Yes,Urban,Y
2250,Male,Married,0,Yes,No,5488,0,125,360,Yes,Rural,Y
2255,Male,Single,3,Yes,No,9167,0,185,360,Yes,Rural,Y
2262,Male,Married,3,Yes,No,9504,0,275,360,Yes,Rural,Y
2263,Male,Married,0,Yes,No,2583,2115,120,360,No,Urban,Y
2265,Male,Married,2,No,No,1993,1625,113,180,Yes,Semiurban,Y
2266,Male,Married,2,Yes,No,3100,1400,113,360,Yes,Urban,Y
2272,Male,Married,2,Yes,No,3276,484,135,360,No,Semiurban,Y
2277,Female,Single,0,Yes,No,3180,0,71,360,No,Urban,N
2281,Male,Married,0,Yes,No,3033,1459,95,360,Yes,Urban,Y
